date,pnl_at_50,med_price,max_price
2026-02-12,1722.844748,0.590000,0.950000
2026-02-13,-870.110863,0.590000,0.950000
2026-02-15,694.823966,0.590000,0.950000
2026-02-16,-853.133544,0.590000,0.950000
2026-02-17,131.344601,0.590000,0.950000
2026-02-18,869.080648,0.590000,0.950000
2026-02-19,75.829388,0.590000,0.950000
2026-02-20,490.437084,0.590000,0.950000
2026-02-22,884.668019,0.590000,0.950000
2026-02-23,922.547109,0.590000,0.950000
2026-02-24,988.396506,0.590000,0.950000
2026-02-25,1380.862095,0.590000,0.950000
2026-02-26,4132.769743,0.590000,0.950000
2026-02-27,1299.606997,0.590000,0.950000
2026-03-01,1316.997333,0.590000,0.950000
2026-03-02,268.434167,0.590000,0.950000
2026-03-03,150.600056,0.590000,0.950000
2026-03-04,2097.683999,0.590000,0.950000
2026-03-05,516.174855,0.590000,0.950000
2026-03-06,1521.368439,0.590000,0.950000
2026-03-08,-721.648339,0.590000,0.950000
2026-03-09,428.696901,0.590000,0.950000
2026-03-10,213.213554,0.590000,0.950000
2026-03-11,169.263254,0.590000,0.950000
2026-03-12,397.482959,0.590000,0.950000
2026-03-13,1336.553669,0.590000,0.950000
2026-03-15,1634.366555,0.590000,0.950000
2026-03-16,1107.813084,0.590000,0.950000
2026-03-17,1427.051326,0.590000,0.950000
2026-03-18,544.578772,0.590000,0.950000
2026-03-19,757.076129,0.590000,0.950000
2026-03-20,-201.891657,0.590000,0.950000
2026-03-22,1538.163146,0.590000,0.950000
2026-03-23,-311.465694,0.590000,0.950000
2026-03-24,1274.190991,0.590000,0.950000
2026-03-25,1496.408481,0.590000,0.950000
2026-03-26,439.149091,0.590000,0.950000
2026-03-27,38.734137,0.590000,0.950000
2026-03-29,287.181612,0.590000,0.950000
2026-03-30,-774.879563,0.590000,0.950000
2026-03-31,1588.791805,0.590000,0.950000
2026-05-07,-479.712207,0.590000,0.950000
2026-05-08,-1879.947646,0.590000,0.950000
2026-05-10,1184.687474,0.590000,0.950000
2026-05-11,1303.914592,0.590000,0.950000
2026-05-12,3361.206725,0.590000,0.950000
2026-05-13,3763.707239,0.590000,0.950000
2026-05-14,4629.898806,0.590000,0.950000
2026-05-15,496.846770,0.590000,0.950000
2026-05-17,2529.861879,0.590000,0.950000
2026-05-18,672.199590,0.590000,0.950000
2026-05-19,176.992494,0.590000,0.950000
2026-05-20,730.557462,0.590000,0.950000
2026-05-21,1574.558451,0.590000,0.950000
2026-05-22,136.382851,0.590000,0.950000
2026-05-24,1504.797032,0.590000,0.950000
2026-05-25,-700.598837,0.590000,0.950000
2026-05-26,-460.367607,0.590000,0.950000
2026-05-27,-1143.902838,0.590000,0.950000
2026-05-28,-59.492929,0.590000,0.950000
2026-06-14,182.391842,0.590000,0.950000
2026-06-15,978.505100,0.590000,0.950000
2026-06-16,-220.883470,0.590000,0.950000
2026-06-17,-390.509715,0.590000,0.950000
2026-06-18,1575.118063,0.590000,0.950000
2026-06-19,-738.086937,0.590000,0.950000
2026-06-21,-341.519770,0.590000,0.950000
2026-06-22,927.758956,0.590000,0.950000
2026-06-23,-505.588939,0.590000,0.950000
2026-06-24,-169.624901,0.590000,0.950000
2026-06-25,-239.007664,0.590000,0.950000
2026-06-26,-101.549439,0.590000,0.950000
2026-06-28,1671.451777,0.590000,0.950000
2026-06-29,276.285285,0.590000,0.950000
2026-06-30,-398.444415,0.590000,0.950000
